tii8d4Dv9ogV-j09,carla20
AzpWDEyBQF4iflCM,paul18
HxOJmMY0A4gETw23,gravesbruce
_aC8X5Ua-4X4MCzH,christopherharrison
Tariq123!,ali
UldgTDi_tuIR8xaG,richardrobert
Omar8070@,omar
fZ3v7T3MSdeU1Ao1,katrina37
lEsHWPR8rVSt9yx8,martinmichael
5ZZrJALx64HeXAGL,johnsonapril
6HN-JOcIaIurZjTr,lee79
a2GH6UgAFfq_Un-K,martinrobert
ZnZA-AEx6NW4aVk2,brittneybell
ERfXB2xMwyBhaQQh,hbender
6Sh1nCIf9s4yhGb2,jaywilliams
voh_MsZxngZ9QnC1,delgadodaniel
m-F0gx6YLo1klXQq,david89
Udo6fYOJVRpml-Oi,curtisjohnson
3FY6bAHNDY-1TXZ0,gstevenson
ZCU5pNK_rMPh3Znc,warnerjeremy
FRoFCnDhzCyVAMV_,ramirezkimberly
